Id,Label
0,__AnakKolong
1,__BADjingan
2,__divein2me
3,__PASMANTAP
4,__SudutPandang
5,_Alone_Warrior_
6,_Arek_Suroboyo
7,_Banyoe
8,_barindra
9,_doncorleone78
10,_DPRHARU
11,_E_G_O_I_S_T__
12,_gardeniaa_
13,_gladhys
14,_Haris_Srg
15,_Jun18R
16,_kuucing
17,_mardial_
18,_MasWis
19,_palungmariana
20,_PR0T0N
21,_real__dil_
22,_rendangpadang
23,_riverheaven
24,_TNIAL_
25,00maiZea00
26,01iann
27,04_zainal
28,0709_png
29,0712space
30,0nc075
31,0tsutsukiM0n
32,1_arianda
33,1000sa4
34,110SSD
35,123456berhitung
36,165Hati
37,165NLM
38,1b192aae85a54dc
39,1toshirin_gf
40,2025akukayaraya
41,20thcenturybois
42,21bmbang
43,29joy_
44,2dibukaB
45,2Harjo
46,3mawarputih
47,4213f3
48,435HA82
49,48mantapmantap
50,6ilpam
51,80Centong
52,8zigg
53,9105grace
54,9313Wak
55,939501_
56,99arsyadsholeh
57,99propaganda
58,A1212EL
59,A73721Adik
60,Aa363738
61,AAuliazahra
62,abahnanisa
63,AbangDapas
64,AbanggSayur
65,abcdefgheny
66,abcdekhy
67,Abdoeljegger202
68,Abdulhitker
69,abdullahjati20
70,abdullll85
71,abdulmukti691
72,ABjodohComeback
73,AboeHayat
74,AbrahamBen50855
75,absnthmind
76,abu_hafidz66
77,abu_waras
78,acahh838
79,Ach_Faizal
80,AchmadMichtah
81,AchsanKhan
82,AcikMango
83,acil_muhyidin
84,acn_go24522
85,acotenri
86,AD02_WI
87,ada5180
88,adamfrzii
89,AdamVelcro
90,AdeevaRinra
91,AdeGuna65313981
92,Adenurj62093638
93,adesyifvck
94,adhipramanaa_
95,adibambang05
96,AdiliJokow1__
97,AdiMalang53651
98,AdindaRoses
99,AdindaZahrany07
100,adipat1_karno
101,Adiprayitno_20
102,adith_wp
103,aditya_bp
104,AdjieSanPutro
105,AdjieSSoera
106,admiralkizaruuu
107,ADMxTSK
108,adon009
109,Adv_Kampong
110,aenminy_
111,aewin86
112,affanaffa12
113,AfhaniZulf24468
114,AFHCommunity13
115,afnanboma10
116,AGENDA21_EXPOSE
117,agitdd99
118,agung_faysm
119,aGusDurian1
120,AgusMagelangan
121,AgusSajiwo6023
122,Agustinus756798
123,AgustioIndra
124,Agustisyarif
125,AgusYudhoyono
126,ahmad_bellamy
127,Ahmad_Fat1h
128,Ahmad_Ridwan_
129,ahmadsalam0741
130,aho_Kitsune
131,ahriesonta
132,ai_syakifLiii
133,aikouhatake
134,ainunnajib
135,AiraNtieReal
136,AirdanGelombang
137,AirinDatangLagi
138,AK_47_new
139,aka_kzts
140,akbarfaizal68
141,akibaryou
142,akidoverseas
143,AksaAsdar57804
144,aksioma02
145,akucintakamude
146,akudanteh
147,akundewe77
148,akunmengkenabub
149,akuntwiter968
150,akupadi5
151,akusara69
152,aladinmovic2000
153,Alapala51530665
154,albert0386
155,Aldo_regi15
156,aleale366105
157,alergipagar
158,AlexanderOscar5
159,alghie_3288
160,alham1970
161,Ali_M_A_Siregar
162,AliansiUnhas
163,Alice_lovelast
164,alisyarief
165,allhibah
166,allysawillow
167,almantouphy
168,AlnilamOmar
169,Alphaenglish24
170,AlphaTrader_id
171,alpinnichol
172,alsaryono
173,alwayslevifrvr
174,Ama_xxii
175,AmaluddinSSili1
176,Amarkhadafi55
177,AmelSatos13709
178,americanoah_
179,amewabiru
180,amirahreskiyan1
181,amnesty
182,amnestyindo
183,amo_bolang
184,amortoir
185,amrudinnejad_
186,amurka_bali
187,AnaiBunyi
188,Anak__Ogi
189,anakbuRT
190,AnakLolina2
191,anakrantau1988
192,anderkobaR
193,andi_achilles
194,andikaatq
195,andikamalreza
196,AnditaZella
197,andra34817934
198,andre_nugraha79
199,andre_rosiade
200,Andrea_Lunaris_
201,andreasz26
202,Andrianzaruddi1
203,andrie_pratama
204,andyHua16522689
205,Aneelre_
206,anekchandesu
207,anfangerxyz
208,angeldiarsih77
209,Angelina_S_S
210,AngestikaD
211,Angga_Yunandaaa
212,Anggajaya26
213,AnggiCartwheel
214,anggiutomo
215,Anggun_Cipta
216,aniesbaswedan
217,anjaycina
218,AnnangFireruzz
219,anneserlo
220,anomyhae
221,anonimman137997
222,anotherflorara
223,anotherlif2617
224,ansal1979
225,AnshariAlif1
226,ansyahapr
227,AnsyariNasrull2
228,antara_dirga30
229,antaranews
230,antikorupsi
231,AntiPengPeng
232,antitesa4
233,AntokTok72
234,AntoniusCDN
235,AntoniusHenli
236,antropolohis
237,Anugrah1971Uta
238,anugrahrizky_1
239,ANXARAIII
240,anyar2024
241,ApeLoeKadrun
242,ApipAr18
243,apo_subhan
244,APraja85
245,AqiaqiH
246,aqua_gak
247,Ar_910
248,ar3ndta
249,AraituLaki
250,ardian_sadewo
251,ardianlenin
252,ArdieSuhardi321
253,ardisatriawan
254,ardjoe0704
255,are_inismyname
256,Ari1947271
257,Ariadi783
258,AriantoSof
259,Arie_Kriting
260,arieanand001
261,arifin34533
262,ArifLabMed
263,arikprJFS
264,ArisBoris121497
265,ARisnawan82
266,aritedjo3
267,arman_dhani
268,aro_6ansi
269,aromapetrikorr
270,aronapetrikor
271,arries83
272,Arrusydi18
273,Ars_sand
274,arsatita8
275,Arsenal
276,ARSIPAJA
277,ArsyadH24378
278,artbygilbee
279,artdeth
280,ArthurFadillah
281,artistsbase
282,Ary_PrasKe2
283,aryak_d
284,Aryangganis
285,As_Ali4sghar
286,As_deui
287,AsamAminoCoffee
288,asboediono_id
289,asbom32020
290,Aselole73495305
291,AsepBerlian8
292,AsharIbnu
293,asjtn2
294,asmarranni
295,ASTINIRWANA68
296,astoadzeneca
297,astratiffed
298,asumsico
299,Asura0599
300,asyamamrr
301,ATaqwiim56007
302,atasnamabulan
303,atnceu
304,Atongga127126
305,Atseradna
306,AtuhaKalang
307,audhinafh
308,audymckay08
309,aulia_rifada
310,AuthorKnow96703
311,AvieTjokro
312,Awan2379
313,awwdone12
314,AyahEnya
315,ayanauga
316,ayangkae
317,ayasasaib
318,azhom_m
319,Azkaralksm
320,azzaaard
321,AzzamIzzulhaq
322,azzamrabbani_
323,b_b267238
324,b_budiman1956
325,B_dzoel
326,b0b0vsky88
327,b312_lan
328,B3doel___
329,b3elzbubluvr
330,B51567781
331,babufess
332,bachrum_achmadi
333,BacktoGlory21
334,bacottetangga__
335,bagemeee
336,bagusjkk
337,baksovratt
338,bakuldimsum_
339,baladejaka
340,Balola72
341,BalvyahAbdullah
342,Bambangmulyonoo
343,Bams_4GP
344,bamssoesilo1302
345,Bang_Ramzan
346,BangEdiii
347,BangKandar79859
348,bangkit_aji67
349,BangPanji17
350,bangS41D_
351,BANGSATPENGUASA
352,BANGSAygSUJUD
353,bank_indonesia
354,Bank_Joee_
355,BantengDotID
356,BapakePaki
357,Bara__Akbar
358,barengwarga
359,BarisanOpOsisi
360,BarisanPemudaRI
361,Barri_2410
362,bashfulabuser
363,batagorkaldu
364,BatinDuansa
365,BawonoRobert
366,bayuamus
367,bayubakrie__
368,BBarakuda5264
369,bbasyy_
370,BBCIndonesia
371,bbestariev
372,BdgBergerakID
373,beblesshit
374,BebySoSweet
375,bekalicky
376,BelengBeleng687
377,bella_nyo
378,belongshinee
379,BelumAd03249227
380,belumsaatnya
381,bemuiofficial
382,bengkeldodo
383,BennyHarmanID
384,bentangpustaka
385,berilhuliselan
386,Beritasatu
387,berlianidris
388,Bersinar2023
389,besar_noll
390,beulangong174
391,BhAr4TA_JA
392,bhyunpacarku
393,bibah_z
394,bijakmemantau
395,bilalhanzhalah
396,bilinggo07
397,billllliiee
398,BiLLRaY2019
399,BimantoC
400,bingulatte2
401,bintangpurwanda
402,BinWaqqash70821
403,BinyoHexa
404,BivitriS
405,blackkuromee
406,blackshark7890
407,bleuetroze
408,blewbewrry
409,blisonny
410,blisslaceup
411,BlogTolkien
412,Blublu77193201
413,blueboxblbx
414,blueningkay
415,bluesandyuri
416,bluesunkiss_
417,bluetuwlips
418,bluiretta
419,blveoceian
420,blxyesss
421,BMultinovic
422,bob_rahmat
423,bobasundae2
424,BobbyPatriotCat
425,bobduasatu
426,bobo2ah
427,BobotohnaTV
428,BobTeuku96933
429,bocahabad21
430,BocorAlusPol
431,Boediantar4
432,bokulos_
433,Bola_Jakarta
434,bolehdongmarah
435,Bondellor
436,bonkq_rui
437,BontotBanten
438,booandraa_
439,Boslebong
440,BosPurwa
441,bozzdevil
442,brainlotca45261
443,brayzim
444,bread_selling
445,brgjk
446,briandito
447,brillantse
448,brobroronto
449,Broerisuwardi
450,BroNDRONG
451,BrookBraak
452,brooklynbrick89
453,bu_trisno
454,bubbblesish
455,Bubut871
456,bud1_f1
457,budhiperma19709
458,Budi83236750515
459,BudiBukanIntel
460,BudiePotu
461,budihartono12
462,BudiSapto267911
463,BudiTeguhSanto4
464,budkalon
465,bugsbunny_2345
466,BukanCebongDong
467,bumbumnyetnyet
468,bumnbersatu
469,bunqkecil
470,BurhanMuhtadi
471,Buritaja
472,bustwedan
473,BusuMaju
474,Butiran__Debbu
475,ButterCupdanie1
476,butut_mobi41596
477,bwithq
478,C_D3pp
479,cagubnyinyir2
480,Caipitano
481,cak_daus
482,cakbulla
483,cakimiNOW
484,CakKhum
485,CakRasyid
486,CakRasyid73
487,Canaltopia
488,candaankosong
489,candrasadja
490,cannogate
491,CantikSeorang
492,CantYouSeeeee
493,CaptainBlue24
494,captPriceisdead
495,caratstalk
496,caricari769
497,carlitovito180
498,caruruline
499,Catatan_ali7
500,catpricen
501,cattanyadong
502,cealzpiey
503,CeciliaSuwanda1
504,celuteh
505,cerkutay666
506,Cewriyblossom
507,ch_chotimah2
508,chandratitius
509,chanduts
510,ChasanAmp
511,chefadrach
512,CherylTanzil
513,chilparawhores
514,chisuuung
515,Chiyaraa_
516,ChMPO_AgM75
517,choaciao
518,chocochipsfloat
519,choymarkochoy
520,Christi55420561
521,chuuyaa_oc
522,CifuiLui
523,cikosqrl
524,cilediii
525,Cilorconnoistre
526,cimolllbaladoo
527,CImtgr
528,cintamiegoreng
529,ciroooo17
530,cislamicai_idn
531,civildissident_
532,cjournalist_ID
533,cloudnskye_
534,cnbcindonesia
535,CNNIndonesia
536,cobeh2022
537,coffeetelattee_
538,coldthem
539,comeoel
540,convomf
541,creamy_latee
542,criticast_
543,crunchycrumble
544,cryalldaylong
545,CutePan2399
546,CutRosa1999
547,CutSarina5
548,cuukdaniels
549,CWinteruu
550,cyberDL75
551,cypripajudale
552,Cysthiaa
553,d_dk_ds
554,D_geminie
555,D001Kar53805
556,d4ndelion_22
557,d4v90koswari
558,daeng_Malewaaa
559,Dafiet6
560,Dahnilanzar
561,dailyppang
562,dainservice
563,daisy_dandelion
564,danangtrinov12
565,Dandhy_Laksono
566,daniellsinaga_
567,dapitnih
568,Dark_Vrince
569,darko_side
570,DarylZulhendri
571,DasCatipal
572,DataZakee
573,davidbayu
574,daviddhikrory
575,dawgfromdahood
576,dawnfullmoonch
577,Dayak2018
578,dazzleah
579,Dcoratio
580,ddaaaahh
581,dddawnFM
582,DDDSwordX
583,dean_deanlova
584,dearestrindou
585,deasuari
586,deddysitorus
587,dedenx269
588,dedykelana5
589,DedynurPalakka
590,Dee_Rose82
591,defranstony
592,dekydeku
593,democrazymedia
594,DenasIdn1
595,denay_mnie
596,Dennysiregar7
597,DermagaGarely
598,desainerlepas
599,DestaMega27
600,detikcom
601,detikfinance
602,detikjatim_
603,DewiRahmiSs
604,dewita83063101
605,Dhanie_Kasparov
606,dhanuriza
607,dhemit_is_back
608,DhimasAM
609,DhyKwan_33
610,diahdwiarti
611,diamondicecake
612,DianBara
613,DianDavid18
614,diced_saltedegg
615,didi_jenal
616,DidiekMurdock
617,Didikjzie
618,didilionrich
619,die4asahi
620,diemdiemtidur
621,DietaAgus
622,dildiough
623,dimasapmbd
624,dimasprmdtaw
625,DImmortha
626,DimsPrastyo
627,dinamikalovesto
628,dineleanor
629,dinoikiimut
630,Dirgahayu394
631,dirujakwarga
632,ditkoin
633,ditsprtw
634,divanggrnii
635,DivHumas_Polri
636,Divpropam
637,djailbrack
638,Djarum765432
639,djarwoluma50199
640,DjolaFix
641,DjumadiPartose1
642,djumelan
643,dkalkun20
644,dkskhbpcy
645,dlansyh
646,Dlovecian
647,DMieaceh80579
648,dmsrnldo
649,dnm_operational
650,DoankWarto
651,dodolandewe
652,dodowiru
653,doelpaten
654,Dogelkarya76_82
655,dokjacakep
656,DokterbedahYK
657,DokterTifa
658,dolcehilde
659,dOnlyRon
660,DPR_RI
661,dr_koko28
662,DRachmadisuhadi
663,dreamer171396
664,DrEvaChaniago
665,DroneEmpritOffc
666,DS_yantie
667,dsuperboy
668,duifajar
669,dumbq_
670,Duren___
671,dustclavier
672,Dyananjani89
673,dyastt
674,DynamicFPL
675,dyndjan
676,dyssertbox
677,dystosaster
678,dyta0303
679,DzakwanFirst
680,dzwicha_reina
681,e100ss
682,e1414141
683,earwyns23
684,EAST_ST4R
685,EasyKeuyeup
686,easywin_1217
687,EBarat7466
688,ebonXboy
689,echoPiR
690,ecilox
691,edaneeeeee
692,EddieKasri
693,eddy_rakhman
694,Eden_8gen1
695,edisutrisno8888
696,edykhemod
697,EdySularno96489
698,EhItuGw
699,EIBOKAE
700,Eilaniaa_
701,Ekafaisal17
702,ekakayeeee
703,ekokuntadhi1
704,EkoPutr86520727
705,el_utara
706,elditweet
707,eleanorr234
708,ElfizaEnny
709,ElgeJohan
710,elisa_jkt
711,Elise_9264
712,elitglobal_12
713,Elkana79120734
714,elonpxton
715,elsjng_
716,EM_UBOfficial
717,emeronLovelyUV
718,emgininamakuu
719,emje78
720,emyr_za1
721,endahanasthasia
722,EndyNugroho8
723,Enfianto
724,enigmatisme
725,enoliska_
726,Enov_Jkt
727,entitastaram
728,ephemeral_ym
729,epipremnumdrop
730,Epricila10
731,er3ndar
732,eradotid
733,eraza836729
734,erickthohir
735,erlanishere
736,erlanmallema
737,ernestprakasa
738,Ervan712321
739,erwinwin1706
740,ESalnuro
741,esterosss24
742,ethadisaputra
743,euislufnia
744,EunGi_Tammy
745,EVENISTRA
746,evidiani
747,EviDrajat
748,evy_wahudy
749,exvengs
750,eyesofaquila
751,EYulihastin
752,fadjroeL
753,fadlidj
754,fadlilahakunke2
755,fadlizon
756,FaGtng
757,Fahmi_RW
758,Fahrihamzah
759,fairusmann
760,faizalassegaf
761,faizshopyan
762,Fajar_al_fakir
763,Fajar_Mula
764,FajarMoenir
765,fakirmicin
766,Faktacom_
767,fandikurkur
768,fantsguy
769,Faraz_kepri
770,FarhanAtjeh
771,faridhcrb
772,farisagungh
773,FathurR85888350
774,FatihFatah2022
775,Faturexbenz
776,FayaAtika
777,fazamutaqi0210
778,febellingham
779,feitansback
780,fellexandro
781,femmetale
782,ferrykoto
783,Ferrypergoel08
784,ffikriawan
785,fhelya90
786,FibellAffishya
787,Fiepott1234
788,figaronotsuma
789,FikriDestian
790,fikridroid
791,fikureiii
792,Filosofi_Kucing
793,filosofiksi
794,finabrenimm
795,FirdausKai2487
796,firmannnnnz
797,firmannurzaman
798,firnasional
799,firzieidris
800,Fitrachaniagos
801,FitraYouse
802,fitri99187
803,FitriRetnani
804,flownthorn
805,FokusKM50
806,forgot_pswd
807,Franken_blues
808,franspakanan
809,frappuccinos13
810,Free2Independen
811,FreeStranger13
812,freethink32
813,frhxyz097
814,ftblnds
815,ftriningsih_
816,fucekgovt
817,fuckphysic
818,FudinZet
819,fufufafagila
820,FulanahAje2
821,fundameeental
822,FurqanIbr64677
823,FUWAFUWATlME
824,fuyunohanangis
825,FuzaFirdaus
826,Fuzui_jamrd
827,G0LIATH87
828,G0RIP
829,G4L1Le0
830,Ga89684Galeh
831,gabygianova
832,gajimu_id
833,gak_makasih
834,Gala2807
835,Galaxsackti63
836,galihpaknethole
837,galneedsboy
838,Galunggung_0908
839,Gamal_Albinsaid
840,Gank_Of_Petojo
841,Gantijaman
842,GANTOUGYUU
843,GardaGun
844,GarudaGert
845,gaskeunnss
846,gavinsbae
847,gb_sleepy
848,gdfs_
849,gearcloudy
850,GeiszChalifah
851,geloraco
852,Gerindra
853,GerobakRW
854,Gerry1785344
855,Ges_Sit
856,GeSadiba
857,Geusan1
858,gg_02022020
859,gguktev
860,Ghery_jomblo
861,ghiffardana
862,ghiyatsss_
863,Ghurem2
864,GilangRizqi19
865,gilbhas
866,girumon16
867,gito51226
868,gkayes5
869,gnomephobia
870,godham5
871,Gojekmilitan
872,gonzoelank
873,goodghan
874,GoodLifeBCA
875,goodnyght
876,graniro_r
877,greenflippers
878,gskaaaa10
879,guemaungeluh
880,guhkun13
881,Gunawan75_
882,gundala2221
883,GundiDr
884,GunRomli
885,Gus_Arifin
886,GusbacheV
887,GusDark4
888,Gusdian210
889,gw_neena
890,gwgaktau
891,H1m4_W4r1
892,H4T14K4LN4L42
893,HabiebBass
894,HabsimAnwaru
895,HabsyiAsma81379
896,Hadiwidjaja10
897,hadzafadhli
898,haelinsxene
899,Hafidz34665769
900,HafidzMReza1
901,hafizha_anisa
902,hahahahanying
903,HAhmadsahlan
904,haisayahaisa
905,haitanirind
906,haithzam
907,Halaman1Google_
908,HaluSbubu
909,hammsqi
910,hampaoyy
911,hanajeee_
912,haneulraa
913,Hansip__TL
914,hanurahmantyo
915,hapid_02
916,hapsarini_ismoe
917,HardyJo10
918,hariankompas
919,Harisaritonang
920,HariWatalia
921,HarryPattyRM00
922,Hartati44247904
923,HartZikra97032
924,haruka_tch
925,hasbi_azhar
926,HaslindaLathief
927,hasyimmah
928,hayati50049081
929,hayuhuuu
930,hazelch_
931,hdyannnnnn
932,HebatPaijo
933,heffheven
934,hehen_12
935,hello_mynarstd
936,helloandrian_
937,hellokietzsche
938,HendriHizkia
939,HendriO_15
940,hendrowijonarko
941,Heraloebss
942,herimaryadi6
943,herimausumatra
944,herman_basti
945,hermawan390269
946,HermawanTsa
947,HerryAchmad81
948,HerryDim37812
949,HeryIdris5
950,HeyitsKeeyy
951,heypspsps
952,hheppymy
953,hi_merah
954,hilanghilingg
955,Hilmi28
956,hiltiapplicator
957,himaso_o
958,himura89517038
959,hipohan
960,hirotakenz48158
961,HisyamMochtar
962,Hiugundul
963,HmfaqihA
964,HNahdiana
965,hnirankara
966,home7ech
967,Homo_sapiens21
968,HoneyBee2024
969,honeyctar
970,hoohten69700834
971,Horien0
972,hrdbacot
973,hrdoet
974,HSiwidodo
975,hsrdnw
976,Hu5n4f412f424
977,hudafatc
978,HudSuharg
979,huhhh192
980,hujanderasnya
981,humanbeingtech
982,humaniesproject
983,HumansNoContext
984,HumorJonTampan
985,hunmanity
986,husada_muhammad
987,hutomo18
988,HyoJinho
989,i__am__jago
990,iamsnowflax
991,Ibenk250
992,ibnurus79522726
993,icanasin12
994,icecoldnovember
995,ichan_norax
996,IchanzC
997,ichl4
998,ichsanarif1
999,Iconman221
1000,idampras
1001,IdanEEGO1
1002,idedherianto
1003,idextratime
1004,IDGAFlSM
1005,IDNTimes
1006,Idub47
1007,Ifundvm04
1008,IGrojogan20704
1009,ijatxzul
1010,ikan_mainan
1011,ike_hw71
1012,iKhalis
1013,IKSANSKUTER
1014,il0v3uthu
1015,ILCTalkshow
1016,ilhammirza_
1017,ilhampid
1018,ilyachynt_
1019,Imade_kun
1020,ImaginarySteady
1021,imaginavers
1022,ImamGhozali02
1023,iman_hzl19
1024,ImayChan26132
1025,ImminentAdi5
1026,Imrajula3
1027,ImRoseWhoRU
1028,imyoursarc
1029,inang123__
1030,Incognitoswan
1031,indiana670838
1032,IndiHomeCare
1033,indonesiagelap1
1034,INDONESIAPERKS4
1035,IndoPopBase
1036,IndraAngkola2
1037,indrakusuma
1038,infomalang
1039,ini_tukangojek
1040,iniakunpelarian
1041,inichinooo
1042,inidebi
1043,Inienooo
1044,inilahdotcom
1045,Inin_Nastain1
1046,iniwian
1047,inkandpap3r
1048,inoengbudianto
1049,insomniaczs
1050,INTAC_ID
1051,Intel_Imut
1052,intinyadeh
1053,inyongbralink
1054,Ipung_Arif_S
1055,irawanboby34
1056,IrawanRommi
1057,Irfan5yah_Putra
1058,irwndfrry
1059,isan_mn
1060,islah_bahrawi
1061,ismail_bhr62
1062,ismailfahmi
1063,IsonMachfoedh
1064,issapeaceofcake
1065,issayourbaby
1066,istrisirihmu
1067,its__Arthur19
1068,itsTenca
1069,itsurboihyl
1070,ivanbaeek
1071,IVEstarship
1072,iwahyudis
1073,iyaaamaaf
1074,J_vananda
1075,J4KA999
1076,jackjackparrr
1077,JackStand18
1078,JaenoXTM
1079,JagaAkalSehat
1080,Jahenanas
1081,jajahaeru67704
1082,jakaelus
1083,JakaGolook71
1084,jakapujakesuma1
1085,jakarta7268
1086,JalilBasyah
1087,Jamaludin983
1088,janicepages
1089,jannah5057
1090,jannahseeker99
1091,janojanojanojs
1092,Jasajokigalbay
1093,Jasminelyoko57
1094,jat_pi3r0
1095,jatamnas
1096,Jateng_Twit
1097,Jawalari1935
1098,jeanne_nana
1099,Jeejee58000
1100,jefan1897v
1101,jefri69098036
1102,jejenana18
1103,Jelli_cent
1104,jelllynx
1105,JendIsMyName__
1106,JenggoBang82778
1107,Jeotnghan
1108,jepunlembayung
1109,jerapah_235
1110,jerapahliarrr
1111,JeremyahRome
1112,jhon_sitorus20
1113,JhonRinaldo10
1114,JhonSitorus_18
1115,JHPrabowo
1116,Ji_Chang_wook02
1117,JihadDrebond
1118,jinkistarry
1119,jinnhssi
1120,jinxrune
1121,jjangprincessa
1122,jjsengui2
1123,Joeley_Blackboy
1124,joeyakarta
1125,JohnKewod
1126,JohnKikuk
1127,jokerb2632
1128,joko_tingkiirr
1129,jokoanwar
1130,jokowi
1131,jondhez
1132,Joni_abdul_gani
1133,JOS168_
1134,JsDeyz_2
1135,JsRachman
1136,JubirHansip
1137,jue_viole213
1138,JukiHoki
1139,Jumianto_RK
1140,June_JuniorTV
1141,JuniPutra2159
1142,jupriadimz7
1143,JurdilNdasMu
1144,jurzbina
1145,justunknowbro
1146,k_yo2k
1147,KabarMuh_ID
1148,kaegifkym
1149,kafiradikalis
1150,kagamabergerak
1151,kak_alisubchi
1152,KakekHalal
1153,KakMugi
1154,kalotwdiem
1155,Kalyana_tok
1156,KamandanunGaPak
1157,kamisankediri
1158,kanawoodz
1159,kang___L
1160,kang_bata9or
1161,kangisrona
1162,KangManto123
1163,KangSemproel
1164,kannying18
1165,Kanseulir
1166,KarameruSl63637
1167,KarelinGabon
1168,karimakayyim
1169,karimasoyou
1170,karimen_tubasa
1171,kartarahardja
1172,KarundengUsi
1173,katakan_apalagi
1174,kaumjelata24
1175,Kausaesensial
1176,KayuMulyono
1177,kazehayawifey_
1178,KDien24
1179,ke_gemini22020
1180,KebaikanNusanta
1181,kebeletpunah
1182,keepithink_crab
1183,kegblgnunfaedh
1184,KemenperinRI
1185,KemensetnegRI
1186,kemgelapan
1187,kenhans03
1188,kentangglowwing
1189,kepobangetwleee
1190,KePulang
1191,kesahresahrasa
1192,ketan_juruh
1193,kevinpramudya_
1194,Khanza_Dhana
1195,khtr07
1196,kichiyaps
1197,kidemang1802
1198,Kijinn3429
1199,kikysaputrii
1200,kim_milkgyu
1201,kima_tiri
1202,kimihsanmuri
1203,King_PWS_
1204,KingRedhaze
1205,kinicfh
1206,KinkinAsikin1
1207,kirarance
1208,kirokirokir
1209,Kiyai_MarufAmin
1210,KiyongKaka
1211,knpharuspeduli
1212,kntlbuluk
1213,Ko_aliong
1214,KoboySelon022
1215,koharramadi81
1216,kolakali_
1217,KolilLila
1218,KolonelTarzan
1219,kombuchuu
1220,kompascom
1221,KompasTV
1222,Konsisten6966
1223,KontraS
1224,kootummy
1225,kopididid
1226,Kopiklasik_
1227,KopiKoetjoer
1228,Kopipait__78
1229,koransubuh
1230,Koruptordor1
1231,Koslap_08
1232,kowalskyyy666
1233,kowesilly
1234,KoyukersP
1235,KPK_RI
1236,kpop_movINA
1237,kqanzakii
1238,kretekmantab
1239,Krisna32235611
1240,krisxoxom
1241,kritikkzzz
1242,krupukcebong
1243,ksooyuyujellee
1244,ku_txt
1245,KucingG36987784
1246,Kucyber69
1247,kumis_miow
1248,kumparan
1249,KunKunKunKlan
1250,Kunti1515
1251,KuntoAjiW
1252,kurawa
1253,kurniawanaghil
1254,kuyangtist
1255,kwbo_722
1256,KWIHSOE
1257,kwonbooster_
1258,kwonyura55
1259,labiebsadat
1260,LafaWindy
1261,LambeResing
1262,LampuTera
1263,LanangJagad31
1264,Lanoko_
1265,Lanun_1017
1266,larash27
1267,LardnejB
1268,lassitudelle
1269,lautbirupasifik
1270,lawanregime
1271,Lazygirl_7
1272,leaarchv
1273,LeeRora39265
1274,leleilene95
1275,Leonk21
1276,let_it_be_22
1277,LexMarteg
1278,liaasister
1279,lievvv4
1280,lightfromdust
1281,LilyLil56624484
1282,lintangphp
1283,lippie124
1284,liputan6dotcom
1285,lisa9793
1286,litberalism
1287,loafbre02139977
1288,loey_jd
1289,lofaly198
1290,Lombardy100
1291,LoneSurvivor_69
1292,longgonemac
1293,longlivejarno
1294,lordkrasak
1295,Louis_chantika
1296,ls_olez
1297,lthfyyaa
1298,LuckyLudjaina
1299,luigi_finestra
1300,Lukesakari
1301,lumichion
1302,lunarfebruary
1303,Lunarhaleluya
1304,Lundayee
1305,luurve
1306,Luv_dream_
1307,luvforpaw
1308,luxy_luxain
1309,LyfeGacha
1310,m_kiddy1234
1311,m_mirah
1312,m_rinandar
1313,M45Broo_
1314,maccha_chin
1315,madeikaha
1316,maeka31
1317,MafiaWasit
1318,magp118
1319,mahardika_ri
1320,mahasiswauenyeh
1321,mahdinosaur
1322,MAHENDRA_GNW
1323,MAI__NIM
1324,Maido_cuk
1325,MainMai36337946
1326,Maizura_H
1327,makanbelink
1328,makelarcapres
1329,maksiatmanusia
1330,malas26
1331,Malik26118618
1332,man_tan_x
1333,Manforgoodfwb
1334,Mang_Udel_tea
1335,Mangabidin
1336,Mangun666
1337,MankKhan277382
1338,manrizst
1339,Mantankodok
1340,mantep
1341,manusiabyaza
1342,Maoriryuuji
1343,maplespetal
1344,Mar33Cj
1345,mardiasih
1346,mardigu024
1347,margianta
1348,MariaAlkaff_
1349,mariadi63425147
1350,MARIAM_Mendezz
1351,Mario_wirasago
1352,Markadina99
1353,marlina_idha
1354,marly_gun
1355,MARQUEZ__93
1356,MartoArt
1357,mas_veel
1358,MasBRO_back
1359,mashudi_udien
1360,Masmas_NewJeans
1361,MasQomaru
1362,masreyhaan
1363,massayib
1364,Maswiro3
1365,mat_krewuk
1366,Mat16_16
1367,Mata_Netizen62
1368,Matahari_1912
1369,mataizroil11
1370,MataNajwa
1371,Matt220077
1372,MauDonk1159217
1373,Maudy_Apain
1374,maujadianon
1375,maulana_haq75
1376,MaulanaPrayitno
1377,Mawoyann
1378,maxwalden_
1379,MayaA62580468
1380,mazzini_gsp
1381,Mbah_Kicot
1382,mbienyambay2
1383,mbuntt
1384,mcfllurryyy
1385,Mdy_Asmara1701
1386,me__yudis
1387,me_Id4
1388,me_veeta
1389,meawmiaumaumao
1390,mediaindonesia
1391,meiminum
1392,meipeta
1393,meisekiha_vinyl
1394,meliksumanandar
1395,memefess
1396,memeksure
1397,mengikutia39302
1398,menuksutrisno
1399,merapi_uncover
1400,merindukan07
1401,merylnotstreep_
1402,Metro_TV
1403,mezzaquartz
1404,MGWilaksono
1405,mhdarieff_
1406,MhmdAbdu_Rofiq
1407,Mia_Kyushu
1408,MIBarokah
1409,Michael65126989
1410,MichelAdam717
1411,MidnightCash
1412,MidnightCatLili
1413,mii___qii
1414,MikaelDewabrata
1415,mike_ro__wave
1416,mimimemey056
1417,Mimin_Jelita
1418,Mindra_AZ
1419,Minietweets_
1420,mirayclle
1421,MiRV19Kft
1422,MissDiiins99
1423,miyyyowww
1424,mizzcuan
1425,MlayuTerus
1426,MMargani5
1427,mmaryasir
1428,MNasir75417430
1429,mngpidni
1430,mnizar_ozol
1431,moakkun
1432,MochMewar
1433,MoennybN
1434,Mohamad41967776
1435,mojokdotco
1436,momournclown
1437,monyetbesar
1438,morbidfunq
1439,Moshewd1
1440,mpujayaprema
1441,Mr_PrasT_Jr
1442,mrcorleoneeeeee
1443,mrgarethmacaron
1444,msaid_didu
1445,msobri99
1446,MTeupuguh
1447,MU10MS
1448,muannas_alaidid
1449,Muhamma87748717
1450,muhammad70265
1451,MuhammadiyinGL
1452,Muhayya__
1453,muhri7795
1454,MujahidSyahid3
1455,mukaikhlas
1456,Mukidioon2
1457,mulya4Wij4y4
1458,munearth
1459,MuriaNurkholis
1460,MurtadhaOne1
1461,MusdiantoA3826
1462,Muslim_AntiPKI9
1463,Musramidal67
1464,Must_r77
1465,Mustafic_Khzan
1466,My932208151
1467,myanbao
1468,mycattye
1469,mydayjarsocpro
1470,mynameisempak
1471,mynameismark99
1472,MyrealnameisVQ
1473,Mythicalforest
1474,MYusufNYus76008
1475,N_Vanvan22
1476,n1080jpg
1477,na_na256
1478,naaramiyu
1479,nabilhizkia
1480,Nadyamulyadi
1481,Nagigi9010
1482,nahyarqwerty
1483,Naimamima11
1484,nak_Negeri
1485,naked1va
1486,NAllusionoir14
1487,namanyaiyaaa
1488,nan_jauhdimato
1489,nanahana_89
1490,Nanascantip
1491,NanasKukus
1492,nandanityaa
1493,nanthera_aurora
1494,NarasiNewsroom
1495,narasitv
1496,narkosun
1497,NAsBtati
1498,nasmid
1499,Natanael1587619
1500,nature69_
1501,Naufal4231
1502,Naufalbubur
1503,naveedgilang
1504,NayDonuts
1505,NayQol
1506,Naz_lira
1507,Nazarchitect
1508,nct_menfess
1509,nctzenbase
1510,nctzenhumanity
1511,NdesohhBocah
1512,ndiakmal
1513,ndialamsyah
1514,Ndons_Back
1515,Ndrewstjan
1516,necromanticcs
1517,NegaraRepublik
1518,negatifdioda
1519,negativisme
1520,nekoluckx
1521,nekoneko_joy
1522,NenkMonica
1523,neohistoria_id
1524,NephilaXmus
1525,nevaada05
1526,neVerAl0nely
1527,newIding30
1528,Ngarsodalem7
1529,ngecace
1530,NgkongRoses
1531,ngrhbgskra
1532,NHenryp29864
1533,Nicho_Silalahi
1534,ninzaxel
1535,nirby
1536,Nivlac2nd
1537,niwseir
1538,NKRI_H4rg4M4ti
1539,nksthi
1540,NMuzaefa
1541,NNurazis
1542,Nobody_2811
1543,nocipcyber
1544,NoegrohoRia
1545,nofacesssssssss
1546,nolan654321
1547,nona_seagull
1548,nongandah
1549,noojaemjam
1550,NoorHendraM
1551,nope_250897
1552,normelpeople
1553,NorthPersephone
1554,not_dv14
1555,NOTASLIMBOY
1556,notaweebbb
1557,Notonogoro67941
1558,notreallywelll
1559,nouesophine
1560,novaSandromanik
1561,NoviitaVhie
1562,nowannonem
1563,Nrisyhaldf
1564,NugroDwi
1565,NurAzhar1580012
1566,nurfiHD
1567,NurRohi03920969
1568,Nurulkjo1
1569,Nurulygkaukenal
1570,nusabharu
1571,nusaquillwrites
1572,NusBhisma
1573,NyaiNeneng
1574,NyiMasRuminah
1575,nyksj_
1576,nzwzzz
1577,O73K_OL
1578,ObiWan_Catnobi
1579,ocsbase2
1580,OctaRolando
1581,octnverse
1582,odhink_aja
1583,OdriSeva
1584,officialinews_
1585,ohoxnya2
1586,OjolNyambi
1587,Okahida
1588,okinedition
1589,okino2x
1590,Okky_H
1591,okkymadasari
1592,OktermanLkmn
1593,OKTORANKRI
1594,olaffwibowo
1595,Ollaworldz
1596,Ombahku
1597,ommi_siregar
1598,Omonmencle
1599,ompom
1600,OngkiYongk3355
1601,Only_ICIP
1602,OnlyFaang
1603,onyourn_ad
1604,Oodhi_tah
1605,opick_salasa
1606,Opiniku95098012
1607,OplosanKW
1608,OposisiCerdas
1609,Opposisi6890
1610,Opposite6888
1611,oreo_biskuitz
1612,OrondisOpti
1613,Osa38109626
1614,oshima90
1615,osmanchaidir
1616,OtisTheImmortal
1617,otwkayaairdrop
1618,out_of_thecourt
1619,OV19951004
1620,overdosheesh
1621,owireborn
1622,Oz_Blake
1623,pacmantraders
1624,Paesverdonk
1625,pagarhijaumnhn
1626,Paidjo2018
1627,pakaipeci
1628,PakarINTELek
1629,PakKarti
1630,pakmul63
1631,Pakunegaran28
1632,palakepayang
1633,PaltiWest2024
1634,pambudhi_mn
1635,Pan_daaaaa011
1636,panca66
1637,panduwidyanto
1638,panggihas
1639,papa_loren
1640,Papaziqi
1641,paperbackwrter
1642,papinirza
1643,PapiUcit
1644,PAPOZ19
1645,PartaiSocmed
1646,Partono_ADjem
1647,pasifisstate
1648,patjarcina
1649,paulodebyano
1650,pauloteofilussw
1651,pavelkontol
1652,pavingcuwil
1653,PBHI_Nasional
1654,PDI_Perjuangan
1655,Pe_Enestee
1656,Peace_Zinovic
1657,peachyz_girl
1658,pecintafpi22
1659,pedang_malammm
1660,pedskiiibax
1661,pejabatamanah
1662,pejabrut
1663,PelangiPerigi
1664,PelatihT1dur
1665,PembuatSistem
1666,penaikhwan
1667,PenculikBangsat
1668,pengacaukecil
1669,penikmatkudapan
1670,Penyair_Berdiri
1671,Penyuka_ombak
1672,PepenPenjol82
1673,percitrusan
1674,perfectscarss
1675,permaisuri_id
1676,persekutuanjawa
1677,pertamina
1678,perupadata
1679,petanisaja
1680,peter_hari
1681,pevtrpn
1682,Phaja_Ghaladiha
1683,phasyo
1684,philoowner
1685,Pi_IDPioneer
1686,pichecantropus
1687,PickNavaHOi
1688,piezxeu_
1689,pikiran_rakyat
1690,pillowaguilina
1691,PineksoRoyi1
1692,pinkydolphins
1693,PiousRepubliken
1694,Pirikipri
1695,pirrawh
1696,pisesofpisces
1697,PiwPiwZola
1698,piyopikavet
1699,Piyusaja2
1700,piyuuh97
1701,PKSejahtera
1702,plerketekug
1703,plisitin
1704,pms_bf
1705,PngAdilnR4kyt
1706,PNS_Ababil
1707,poin_opini
1708,politikana
1709,Politikedan
1710,PolJokesID
1711,Polusi_udara78
1712,popoktokki
1713,poppyum38
1714,portaltv
1715,prabowo
1716,Prabrorooo
1717,PramudyoA
1718,prankoceana
1719,prasetiandri
1720,PrastikaQ23603
1721,prastow
1722,pratalaa_
1723,PreciosaKanti
1724,PresidenKopi
1725,prettysteady
1726,primawansatrio
1727,profesor_saham
1728,prophetofzorck
1729,psi_id
1730,PSSI
1731,pufflinnn
1732,pujiya_34
1733,pulangsoree_
1734,Punggawatikkor1
1735,punkdawa
1736,puppiesbreads
1737,purinurr
1738,Purnomodttrad52
1739,PurnomoSidi1908
1740,Puthutea
1741,putr1432
1742,putra_adrin
1743,PutraAn26054635
1744,putraanda1990
1745,Putralaut_
1746,putrisakera
1747,PUTRY_NUSANTARA
1748,pwrrgrred
1749,qentrunx
1750,qiyusea
1751,qMarkleee
1752,queenseatea
1753,quickcoffeee
1754,QuinFarah2
1755,quluquluqulu44
1756,Quvvatt
1757,qwerty21103
1758,R_Andika4
1759,R_Blackblade
1760,R19cakra
1761,r3nb0l
1762,ra_ffasya
1763,raddblaze
1764,RadioElshinta
1765,radiokeheds
1766,radixhidayat
1767,RagaSukma_1
1768,RagilSemar
1769,ragnanew
1770,rahadarrell
1771,rahanglele
1772,Rahari_sv
1773,Rahman10Zzzz
1774,rahmaniarbaftim
1775,RahmaPil
1776,Rahmatbasuki891
1777,rahmatsafari93
1778,rahmatsn
1779,RajaJuliAntoni
1780,rakaakbrr
1781,rakabumin
1782,rakazkal
1783,RakhmadIrawan9
1784,raku__nn
1785,RakyatNgenez
1786,RalineAb2223
1787,ram242576
1788,RamaAdamfaathir
1789,ramdhani_t39616
1790,RamsDews
1791,randomable_
1792,Ranger_ke_6
1793,rankmudo5
1794,rapliyes
1795,rarurofl
1796,raxppa
1797,raymond_valiant
1798,raymondchins
1799,Razor_Language
1800,realAmienRais
1801,realfedinuril
1802,Red__Seven
1803,red_h1011
1804,red_troa
1805,Redbullidn
1806,reddyeyes
1807,RedHairRedHai
1808,redhoodielab
1809,redstreamnet
1810,RedXeon05
1811,redzone6128
1812,regar_op0sisi
1813,ReifCool
1814,Reiza_Patters
1815,RelawanBenteng
1816,renalda_krslm
1817,rendang_naga
1818,RenoHalim1
1819,repoeblikan
1820,republikaonline
1821,restafajri
1822,reverbnodens
1823,reversetees
1824,reyn10_
1825,reynovt
1826,rezzapahlevic
1827,RHAdeYA_82
1828,rhe_henituse
1829,ribut_asmara
1830,rickysmate
1831,RidaGusti
1832,RidsMaulana
1833,rieckgO
1834,riefb79
1835,rieribet
1836,Rifda1529512
1837,RifkySto
1838,rigela_desire13
1839,rikiAiza
1840,rikyvvv
1841,rimacahaya661
1842,Rinintan9395
1843,RintoArdi6
1844,rio_sanyoto
1845,RioOchou
1846,RIPDEMOKRASI
1847,riseris_risriis
1848,Riskian77172684
1849,Riyadsholihin02
1850,rizkisiregar
1851,rizky228340199
1852,Rizky8421
1853,rizqyridhoilahi
1854,rmiryanti
1855,rmnhsptrizzz
1856,rmol_id
1857,Robby180r
1858,robindepok
1859,Rockisme_01
1860,Rocky_Antonie
1861,roe_wet
1862,Roebanie
1863,roedh251179
1864,RomeoWalker19
1865,Romijuliwanda
1866,romoatheist
1867,ronaldy596
1868,Ronin_Randu
1869,RooneySianny
1870,Ros_Asli
1871,RoseliaViento
1872,Rosella_Kyle
1873,rosi_neldasari
1874,rossaredflyn
1875,RossiOci195906
1876,Royh120502
1877,rozelelie
1878,rphaellee
1879,ruang_perubahan
1880,rudh_meta
1881,Rudiganteng97
1882,RudiSetiaw1
1883,Rudy5a3a1
1884,Ruslinkan
1885,ruuminant
1886,Ryan_Deva01
1887,RYANKENCANA
1888,Ryanti___
1889,RyaWiedy
1890,ryon04
1891,rzndwb
1892,Rzq_NewNormal48
1893,s_mulyatie
1894,s3muttt
1895,S4N_W1B1
1896,saelililili
1897,saentisjamu
1898,saerozi63
1899,safenetvoice
1900,Sagita81774027
1901,SAIBdelvi
1902,saidi_sudarsono
1903,saiful_mujani
1904,sakjiwz
1905,sakti_sandhy
1906,salam4jari
1907,SalimVjd
1908,Salman_groot
1909,salonkecantipan
1910,Sam_Ardi
1911,sammi_ananta
1912,samyancg
1913,san9ebion
1914,Sandal_jepit77
1915,sandiuno
1916,SandiUsenk
1917,SandyMars33
1918,SangLangit01
1919,saniwasableng
1920,sannkissed_
1921,sant_sugeng
1922,SantorinisSun
1923,saphiraawr
1924,SaptadiSuh29615
1925,SarinembahFarm
1926,Sarotedok
1927,SasmitaReborn
1928,satriaf46928329
1929,satriohendri
1930,SatrioPratomo5
1931,satriyotutuko
1932,satyabumi
1933,satyazuhdialfi
1934,saucylipsy
1935,Sawipoktjoy
1936,saya_rya
1937,sayan9akuu
1938,sayasukasih
1939,SayurAsem_pedas
1940,sayuutsuki
1941,sbyfess
1942,scaledangerr
1943,Schlossthe6
1944,Schuwandi19
1945,SCMPNews
1946,scroogetheduck
1947,sculpturia
1948,sdapoq
1949,secr3thm4nz56
1950,SedowWr
1951,SEdy5ma
1952,seeksixsuck
1953,SeeToOneMuda
1954,Sega05070597
1955,SegelasAirJeruk
1956,sehatsinergis
1957,sekitar_kami
1958,SelawiWong
1959,selenoopphilee
1960,selvee_blue
1961,semayanan_
1962,sembilanlapan31
1963,semestasains
1964,semiaji_w
1965,semutapi_media
1966,seni53N1
1967,Sentani_REBORN
1968,sepatubulan
1969,sepenchil
1970,sepiberbisik
1971,sepikjangkis
1972,seringham62617
1973,serlinxyn
1974,Seru552890
1975,seruanhl
1976,SeruniPuspaAlam
1977,setkabgoid
1978,SetopKorupsi
1979,setwn9
1980,setyagunawan74
1981,sexy_killer404
1982,sgkxt
1983,shafeaaaaaa
1984,ShamsiAli2
1985,shda_agatha_
1986,sheilabass
1987,ShenoWirang
1988,shessisstaa
1989,shfwtnnida_
1990,ShiElita19
1991,shinypiplupp
1992,shiroiyukun
1993,Shiruatori
1994,sholatied
1995,shrzsiregar
1996,ShutPCQ
1997,shuwhardie6791
1998,SiaranBolaLive
1999,sibapaknewbie
2000,siengkong27
2001,sig_seven40
2002,SigitWasito8
2003,sikodoksakit
2004,sikomentar
2005,SimbokeSarah
2006,Simemaki
2007,SINDOnews
2008,Singojoyo19
2009,sinyo_tony
2010,SiOtakDungu
2011,SiPeNutur
2012,SiputLpg
2013,SIR_Pribadi
2014,Sir45442Sirait
2015,siregar_najeges
2016,Sitompoel3
2017,sitsnoe
2018,skindamarin
2019,SkinOed
2020,skynohoe
2021,SkySoldier1001
2022,Sleepwhiteness
2023,SLegawa79609
2024,SM4hdi
2025,smoochiestea
2026,SMujsin
2027,SMusk32571
2028,snjayajonggrang
2029,snkstruggletwt
2030,so_ph_ieX
2031,sobtolooyo
2032,Sociologicalist
2033,Soemir28
2034,soesanto_dody
2035,soetanahasby
2036,sofiesyarief
2037,softliner242
2038,solarsage__
2039,solehsolihun
2040,sonnyprakosa7
2041,sonogenk27
2042,sosmedkeras
2043,sotobabatlover
2044,SoundOfYogi
2045,spicydelphi
2046,SSaptadi
2047,ssemeraldo
2048,starlee_0
2049,staryiuone
2050,StefanAntonio__
2051,sthnnii
2052,StopZholim
2053,storymawl
2054,straits_times
2055,Strategi_Bisnis
2056,strBIAH1254
2057,SudarsonoD58885
2058,SugandaBajri
2059,SugitoFerry
2060,SuharsoSimbar
2061,SuhartoTony
2062,suk4bebek_v2
2063,sukabapaklu_
2064,sukagazuka
2065,sullenboy___
2066,sultan_2689
2067,sultonafkhar
2068,suncodedlikers
2069,sunfl0wers07
2070,sunshinesigi
2071,supriyanto45086
2072,Suroso60592134
2073,susahlucu
2074,susipudjiastuti
2075,Susustroberri
2076,sutanmangara
2077,swara_heri
2078,SxyKillaz
2079,syaakurrmk
2080,SyafridaCut
2081,Syahdirh
2082,Syahruzy44356
2083,Syarman59
2084,syrax2525
2085,SyuhTyuh84953
2086,T0NY_H3r
2087,taaraa_
2088,tabul_ian
2089,taddim89866
2090,taerangilah
2091,tai_yamaaa
2092,taira_je35
2093,taiwanplusnews
2094,TakmaupulangTMP
2095,TaliUdeng
2096,Tan_Mar3M
2097,TaniHitam
2098,tanyakanrl
2099,tanyarlfes
2100,Taq_Jafar
2101,Tasya_df
2102,TasyaAmara41424
2103,tatakujiyati
2104,taufik_q
2105,taufiksdj
2106,tchihjinja
2107,tealattello
2108,tegarhafidz
2109,Teguh_Suroboyo
2110,tehpanaslanpan
2111,tekarok007
2112,Tekomanjur
2113,Telkomsel
2114,temmycek_
2115,tempodotco
2116,tensorflov
2117,terong_berurat
2118,tewagipiya15
2119,tfant0327
2120,TGajuk9178
2121,tham878
2122,ThanosWarga62
2123,ThE_ELm007
2124,the_esposo
2125,TheCreatorSF
2126,TheCurut007
2127,TheEagle_BEN
2128,TheMonkeyGland
2129,thenewt_arts
2130,theondelman
2131,Thesenuttzz
2132,TheStupidLolo
2133,thirteenregrets
2134,Thisnotflag
2135,ThohirSyarief
2136,Three_Je
2137,Tidakpernahtua
2138,tientwitt
2139,tijabar
2140,tilehopper
2141,tipaa
2142,tirta_cipeng
2143,TirtoID
2144,titi_nugraha
2145,tiwiangembani
2146,tjakraboemi
2147,toe_giman
2148,toketriot
2149,tokkidanren
2150,tokpedshopia
2151,TOM5helby
2152,TommyTJDR17
2153,Top8rendusara
2154,topik030475
2155,TotoSalim213322
2156,TriadeAmarullo2
2157,tribunnews
2158,trinugroho162
2159,triwul82
2160,Trump06655298
2161,Tuahsakato999
2162,tubirfess
2163,TukangBedah00
2164,Tulkiyjemm
2165,tuyultoramonli1
2166,tuyulwhiskas
2167,tvOneNews
2168,twit07_trisno
2169,twitersukasuka
2170,twitnyapimma
2171,txtdarigunungk1
2172,TxtdariHI
2173,txtdarimaskael5
2174,txtdrbekasi
2175,txtdrberseragam
2176,txtdrimedia
2177,TxtdrSemeru
2178,txtfromIR
2179,txttransportasi
2180,uandinedinburgh
2181,Ubaidwafi
2182,udatauhid
2183,UfronArifn
2184,ui_potinum1
2185,Ujelicious
2186,Uki23
2187,ultimaggnar
2188,UmarHasibuan__
2189,und_cuckoosnest
2190,unearthlyriver
2191,unimessor
2192,unmagnetism
2193,ur_comrades
2194,ur_hakunamatata
2195,urfavmindd
2196,urgurltasya
2197,urmoodboostyy
2198,urmyspecialz___
2199,Urrangawak
2200,uselessgvrl_
2201,utasandri
2202,utdjkt
2203,Utoneee
2204,uyabwibowo98
2205,uye07763
2206,uyoktweet
2207,uyosr2
2208,v_vyrsha
2209,v0cadO_O
2210,V3g3L
2211,valino303
2212,vanc1Bozz
2213,vandatsch
2214,vanimatcho
2215,Velarome_
2216,ver_somnivora
2217,Via_AbdullahR2
2218,viachiato
2219,vichesst
2220,vicko_twitt
2221,vieechives
2222,vieleelvi30317
2223,VifeVife
2224,vindestwitt
2225,violettapadma
2226,violette143507
2227,VionovaV3
2228,virdianaurellio
2229,VIVAcoid
2230,VolzZar
2231,VonyRianti25
2232,voxgard
2233,vyeimo83
2234,W4Pz__
2235,WagimanDeep212_
2236,wahkerensih
2237,wakhid_why
2238,wannafigh
2239,WarasManReborn
2240,warengmberot
2241,watashianta25
2242,watchdoc_ID
2243,WatchPms
2244,watermellonlala
2245,wattpadmenfess_
2246,weiloncg
2247,weirdwire7
2248,wekimiler
2249,WGreborn
2250,white_lyly
2251,whitenotme
2252,whoopziiy
2253,whtwlv
2254,wibisonoys
2255,wibowo_choir
2256,WidasSatyo
2257,Widino
2258,Widodoaqua
2259,widodowido44178
2260,widunuk
2261,WidyoLita
2262,WildXHand
2263,Winardi_641
2264,wingkyp
2265,winnttaebear
2266,wintearei
2267,winterwitchie
2268,wiralodra45283
2269,Wisang_Geni2005
2270,wisatadjogjacom
2271,wisnu_aj1
2272,wisnu_prasetya
2273,WLocalhost
2274,wltv7
2275,WNIAKTIF
2276,wnttndy
2277,womensfootie_id
2278,WongIndonesiaOK
2279,wonglicik062
2280,wonjuyi
2281,wonwpilc
2282,wordfangs
2283,wortelmini
2284,WSituraja
2285,wufflewafie
2286,X_OWNR
2287,xdsns
2288,Xeo_Logic
2289,Xestan666
2290,Xhaoixizuha
2291,Xhiaoshi_nn
2292,xpejuangsepi
2293,Xperiaz51252189
2294,xquitavee
2295,XtremeMerch
2296,xx6riku
2297,Y_D_Y_P
2298,Y_Radianto
2299,y03_n4n4
2300,yaboishiru
2301,YahyaAbdRmn
2302,yaniarsim
2303,yankur_
2304,YantoHaryad
2305,yanzero_
2306,YasmineMirzha
2307,Yayoyakali
2308,Ycjcyaqftj
2309,yetno_prayogo
2310,YLBHI
2311,ylge_alt
2312,ym_patih
2313,YMulyadin74720
2314,yo2thok
2315,yofkme
2316,yogayeuh001
2317,yogie1998168091
2318,YoshAditya
2319,YoshuaFien
2320,yosudarman
2321,your_serenada
2322,yourcaccc
2323,yourcocean
2324,yourfangstaken
2325,yourfvrthello
2326,yudhakhel
2327,YudhaShanny2
2328,YudiatnaDS
2329,YudiRifqi388521
2330,yuloopmi
2331,yulyul_423
2332,yumethala
2333,yunas_tedd
2334,yunatir13
2335,yunepto
2336,yuriestax
2337,Yurissa_Samosir
2338,yushouf
2339,yusuf_dumdum
2340,yusuf_my1
2341,YusufIrian3999
2342,z4iks
2343,ZAEffendy
2344,zaent55
2345,zahrartp
2346,zakiberkata
2347,zarryhendrik
2348,Zay34562
2349,Zazaqu_
2350,Zetyo_pambudi7
2351,Zichan1124
2352,zieeny0
2353,ziyanfairuz
2354,zoelfick
2355,Zofr4iW3nK
2356,ZoneVenomWar
2357,zrep2024
2358,zueuueue
2359,Zulkadri_D
2360,ZuluAlphaEcho
2361,zxcvasdf26
2362,zy_zy_lestary
2363,ZyZee9
